{
  "Akarna_Dhanurasana": {
    "ang_1": 0.84375,
    "ang_2": 0.84726,
    "ang_3": 0.61513,
    "ang_4": 0.44506,
    "ang_5": 0.49023,
    "ang_6": 0.46952,
    "ang_7": 0.93303,
    "ang_8": 0.86229
  },
  "Bharadvaja's_Twist_pose_or_Bharadvajasana_I_": {
    "ang_1": 0.65533,
    "ang_2": 0.66508,
    "ang_3": 0.13573,
    "ang_4": 0.08888,
    "ang_5": 0.49092,
    "ang_6": 0.57797,
    "ang_7": 0.92577,
    "ang_8": 0.97618
  },
  "Boat_Pose_or_Paripurna_Navasana_": {
    "ang_1": 0.77393,
    "ang_2": 0.8266,
    "ang_3": 0.20821,
    "ang_4": 0.28693,
    "ang_5": 0.89883,
    "ang_6": 0.96019,
    "ang_7": 0.95284,
    "ang_8": 0.97754
  },
  "Bound_Angle_Pose_or_Baddha_Konasana_": {
    "ang_1": 0.80016,
    "ang_2": 0.74342,
    "ang_3": 0.60518,
    "ang_4": 0.52733,
    "ang_5": 0.93985,
    "ang_6": 0.97841,
    "ang_7": 0.92436,
    "ang_8": 0.94822
  },
  "Bow_Pose_or_Dhanurasana_": {
    "ang_1": 0.90893,
    "ang_2": 0.78124,
    "ang_3": 0.11743,
    "ang_4": 0.24004,
    "ang_5": 0.94759,
    "ang_6": 0.94943,
    "ang_7": 0.98691,
    "ang_8": 0.99286
  },
  "Bridge_Pose_or_Setu_Bandha_Sarvangasana_": {
    "ang_1": 0.73353,
    "ang_2": 0.78882,
    "ang_3": 0.68416,
    "ang_4": 0.61681,
    "ang_5": 0.6663,
    "ang_6": 0.69636,
    "ang_7": 0.92168,
    "ang_8": 0.97799
  },
  "Camel_Pose_or_Ustrasana_": {
    "ang_1": 0.90512,
    "ang_2": 0.92353,
    "ang_3": 0.89571,
    "ang_4": 0.6029,
    "ang_5": 0.69022,
    "ang_6": 0.47777,
    "ang_7": 0.70944,
    "ang_8": 0.51069
  },
  "Cat_Cow_Pose_or_Marjaryasana_": {
    "ang_1": 0.77741,
    "ang_2": 0.72427,
    "ang_3": 0.72218,
    "ang_4": 0.52316,
    "ang_5": 0.65156,
    "ang_6": 0.65395,
    "ang_7": 0.78942,
    "ang_8": 0.82256
  },
  "Chair_Pose_or_Utkatasana_": {
    "ang_1": 0.60489,
    "ang_2": 0.74613,
    "ang_3": 0.71523,
    "ang_4": 0.78026,
    "ang_5": 0.87355,
    "ang_6": 0.91604,
    "ang_7": 0.8417,
    "ang_8": 0.83601
  },
  "Child_Pose_or_Balasana_": {
    "ang_1": 0.77151,
    "ang_2": 0.82216,
    "ang_3": 0.87774,
    "ang_4": 0.93069,
    "ang_5": 0.75125,
    "ang_6": 0.76556,
    "ang_7": 0.8267,
    "ang_8": 0.86891
  },
  "Cobra_Pose_or_Bhujangasana_": {
    "ang_1": 0.8856,
    "ang_2": 0.8912,
    "ang_3": 0.7887,
    "ang_4": 0.79899,
    "ang_5": 0.94077,
    "ang_6": 0.93374,
    "ang_7": 0.99244,
    "ang_8": 0.99257
  },
  "Cockerel_Pose": {
    "ang_1": 0.83164,
    "ang_2": 0.88017,
    "ang_3": 0.56064,
    "ang_4": 0.60201,
    "ang_5": 0.9099,
    "ang_6": 0.89757,
    "ang_7": 0.90634,
    "ang_8": 0.8797
  },
  "Corpse_Pose_or_Savasana_": {
    "ang_1": 0.90262,
    "ang_2": 0.96992,
    "ang_3": 0.62283,
    "ang_4": 0.42943,
    "ang_5": 0.94038,
    "ang_6": 0.90899,
    "ang_7": 0.98193,
    "ang_8": 0.96886
  },
  "Cow_Face_Pose_or_Gomukhasana_": {
    "ang_1": 0.9593,
    "ang_2": 0.94099,
    "ang_3": 0.8014,
    "ang_4": 0.85116,
    "ang_5": 0.68633,
    "ang_6": 0.7076,
    "ang_7": 0.88933,
    "ang_8": 0.90466
  },
  "Crane_(Crow)_Pose_or_Bakasana_": {
    "ang_1": 0.62111,
    "ang_2": 0.88296,
    "ang_3": 0.35971,
    "ang_4": 0.63649,
    "ang_5": 0.97055,
    "ang_6": 0.95636,
    "ang_7": 0.97797,
    "ang_8": 0.97298
  },
  "Dolphin_Plank_Pose_or_Makara_Adho_Mukha_Svanasana_": {
    "ang_1": 0.74737,
    "ang_2": 0.98889,
    "ang_3": 0.36374,
    "ang_4": 0.50167,
    "ang_5": 0.90093,
    "ang_6": 0.89383,
    "ang_7": 0.93478,
    "ang_8": 0.95317
  },
  "Dolphin_Pose_or_Ardha_Pincha_Mayurasana_": {
    "ang_1": 0.84763,
    "ang_2": 0.54575,
    "ang_3": 0.93377,
    "ang_4": 0.57609,
    "ang_5": 0.5739,
    "ang_6": 0.53525,
    "ang_7": 0.93351,
    "ang_8": 0.93768
  },
  "Downward-Facing_Dog_pose_or_Adho_Mukha_Svanasana_": {
    "ang_1": 0.95804,
    "ang_2": 0.68767,
    "ang_3": 0.97652,
    "ang_4": 0.61453,
    "ang_5": 0.61039,
    "ang_6": 0.58923,
    "ang_7": 0.9212,
    "ang_8": 0.91715
  },
  "Eagle_Pose_or_Garudasana_": {
    "ang_1": 0.617,
    "ang_2": 0.80955,
    "ang_3": 0.63451,
    "ang_4": 0.82699,
    "ang_5": 0.65505,
    "ang_6": 0.90618,
    "ang_7": 0.6642,
    "ang_8": 0.73037
  },
  "Eight-Angle_Pose_or_Astavakrasana_": {
    "ang_1": 0.93854,
    "ang_2": 0.85875,
    "ang_3": 0.10207,
    "ang_4": 0.45898,
    "ang_5": 0.925,
    "ang_6": 0.93871,
    "ang_7": 0.97252,
    "ang_8": 0.97137
  },
  "Extended_Puppy_Pose_or_Uttana_Shishosana_": {
    "ang_1": 0.81829,
    "ang_2": 0.7333,
    "ang_3": 0.85523,
    "ang_4": 0.83697,
    "ang_5": 0.60058,
    "ang_6": 0.50949,
    "ang_7": 0.53932,
    "ang_8": 0.4661
  },
  "Extended_Revolved_Side_Angle_Pose_or_Utthita_Parsvakonasana_": {
    "ang_1": 0.90793,
    "ang_2": 0.92797,
    "ang_3": 0.82582,
    "ang_4": 0.76569,
    "ang_5": 0.25128,
    "ang_6": 0.90856,
    "ang_7": 0.69007,
    "ang_8": 0.97546
  },
  "Extended_Revolved_Triangle_Pose_or_Utthita_Trikonasana_": {
    "ang_1": 0.85891,
    "ang_2": 0.96768,
    "ang_3": 0.55508,
    "ang_4": 0.77842,
    "ang_5": 0.79335,
    "ang_6": 0.64658,
    "ang_7": 0.94554,
    "ang_8": 0.92014
  },
  "Feathered_Peacock_Pose_or_Pincha_Mayurasana_": {
    "ang_1": 0.69927,
    "ang_2": 0.6815,
    "ang_3": 0.95281,
    "ang_4": 0.92889,
    "ang_5": 0.78904,
    "ang_6": 0.82195,
    "ang_7": 0.95369,
    "ang_8": 0.97401
  },
  "Firefly_Pose_or_Tittibhasana_": {
    "ang_1": 0.73403,
    "ang_2": 0.82106,
    "ang_3": 0.47129,
    "ang_4": 0.56524,
    "ang_5": 0.91943,
    "ang_6": 0.8228,
    "ang_7": 0.97061,
    "ang_8": 0.8477
  },
  "Fish_Pose_or_Matsyasana_": {
    "ang_1": 0.87652,
    "ang_2": 0.69547,
    "ang_3": 0.78683,
    "ang_4": 0.69844,
    "ang_5": 0.80356,
    "ang_6": 0.93859,
    "ang_7": 0.92518,
    "ang_8": 0.79967
  },
  "Four-Limbed_Staff_Pose_or_Chaturanga_Dandasana_": {
    "ang_1": 0.74114,
    "ang_2": 0.62479,
    "ang_3": 0.42752,
    "ang_4": 0.53435,
    "ang_5": 0.95165,
    "ang_6": 0.84518,
    "ang_7": 0.968,
    "ang_8": 0.93908
  },
  "Frog_Pose_or_Bhekasana": {
    "ang_1": 0.62399,
    "ang_2": 0.45055,
    "ang_3": 0.56667,
    "ang_4": 0.39915,
    "ang_5": 0.82916,
    "ang_6": 0.8379,
    "ang_7": 0.84119,
    "ang_8": 0.87718
  },
  "Garland_Pose_or_Malasana_": {
    "ang_1": 0.71629,
    "ang_2": 0.86255,
    "ang_3": 0.43386,
    "ang_4": 0.69741,
    "ang_5": 0.97177,
    "ang_6": 0.96652,
    "ang_7": 0.96978,
    "ang_8": 0.94993
  },
  "Gate_Pose_or_Parighasana_": {
    "ang_1": 0.84813,
    "ang_2": 0.94353,
    "ang_3": 0.41514,
    "ang_4": 0.92354,
    "ang_5": 0.4684,
    "ang_6": 0.91808,
    "ang_7": 0.78386,
    "ang_8": 0.61359
  },
  "Half_Lord_of_the_Fishes_Pose_or_Ardha_Matsyendrasana_": {
    "ang_1": 0.63315,
    "ang_2": 0.71215,
    "ang_3": 0.61692,
    "ang_4": 0.27281,
    "ang_5": 0.86202,
    "ang_6": 0.57333,
    "ang_7": 0.84096,
    "ang_8": 0.63082
  },
  "Half_Moon_Pose_or_Ardha_Chandrasana_": {
    "ang_1": 0.96262,
    "ang_2": 0.91814,
    "ang_3": 0.82432,
    "ang_4": 0.11214,
    "ang_5": 0.99111,
    "ang_6": 0.94881,
    "ang_7": 0.97068,
    "ang_8": 0.94379
  },
  "Handstand_pose_or_Adho_Mukha_Vrksasana_": {
    "ang_1": 0.96278,
    "ang_2": 0.80362,
    "ang_3": 0.9451,
    "ang_4": 0.83458,
    "ang_5": 0.91071,
    "ang_6": 0.99292,
    "ang_7": 0.94633,
    "ang_8": 0.89674
  },
  "Happy_Baby_Pose_or_Ananda_Balasana_": {
    "ang_1": 0.74216,
    "ang_2": 0.73299,
    "ang_3": 0.5087,
    "ang_4": 0.5749,
    "ang_5": 0.43424,
    "ang_6": 0.36555,
    "ang_7": 0.94105,
    "ang_8": 0.88419
  },
  "Head-to-Knee_Forward_Bend_pose_or_Janu_Sirsasana_": {
    "ang_1": 0.56932,
    "ang_2": 0.65193,
    "ang_3": 0.39603,
    "ang_4": 0.27829,
    "ang_5": 0.89044,
    "ang_6": 0.8334,
    "ang_7": 0.97452,
    "ang_8": 0.84331
  },
  "Heron_Pose_or_Krounchasana_": {
    "ang_1": 0.76847,
    "ang_2": 0.60402,
    "ang_3": 0.84558,
    "ang_4": 0.94164,
    "ang_5": 0.09149,
    "ang_6": 0.53251,
    "ang_7": 0.90181,
    "ang_8": 0.08189
  },